{
  "GGAL": {
    "rsi14": 28.643414398916704,
    "macd": {
      "histogram": -49.32343160322225,
      "macd": -8.907542051021665,
      "signal": 40.41588955220058
    },
    "stochastic_k": 16.842105263157894,
    "stochastic_d": 14.809941520467802,
    "supertrend_value": 6360.121101519843,
    "supertrend_trend": "up",
    "sma20": 6849.75,
    "sma50": 6719.5,
    "sma200": null,
    "bollinger_upper": 7422.946955679285,
    "bollinger_middle": 6849.75,
    "bollinger_lower": 6276.553044320715,
    "atr14": 288.5710313874852,
    "ath": 9395.0,
    "pct_below_ath": 30.973922299095264
  },
  "AAPL": {
    "rsi14": 61.007208717618404,
    "macd": {
      "histogram": 1.5406378977081765,
      "macd": 3.994208458608796,
      "signal": 2.4535705609006193
    },
    "stochastic_k": 84.33657233819818,
    "stochastic_d": 90.89031891634907,
    "supertrend_value": 255.44230386149644,
    "supertrend_trend": "up",
    "sma20": 261.3984992980957,
    "sma50": 260.14539978027346,
    "sma200": null,
    "bollinger_upper": 277.0745565180737,
    "bollinger_middle": 261.3984992980957,
    "bollinger_lower": 245.72244207811772,
    "atr14": 5.89753014590626,
    "ath": 288.62,
    "pct_below_ath": 6.084124454299772
  },
  "MSFT": {
    "rsi14": 65.70874078750978,
    "macd": {
      "histogram": 5.212737953217296,
      "macd": 9.834530589474525,
      "signal": 4.621792636257229
    },
    "stochastic_k": 86.47599775277214,
    "stochastic_d": 86.20643730239851,
    "supertrend_value": 398.84798840087575,
    "supertrend_trend": "up",
    "sma20": 391.9720001220703,
    "sma50": 394.05699951171874,
    "sma200": null,
    "bollinger_upper": 442.4264985446443,
    "bollinger_middle": 391.9720001220703,
    "bollinger_lower": 341.51750169949634,
    "atr14": 10.556105793694528,
    "ath": 555.45,
    "pct_below_ath": 23.553875236294903
  }
}