{
  "GGAL": {
    "rsi14": 33.099141247432726,
    "macd": {
      "histogram": -57.48837685758078,
      "macd": -32.03488288072276,
      "signal": 25.45349397685802
    },
    "stochastic_k": 22.63157894736842,
    "stochastic_d": 13.742690058479496,
    "supertrend_value": 6360.252200561093,
    "supertrend_trend": "up",
    "sma20": 6853.25,
    "sma50": 6701.2,
    "sma200": null,
    "bollinger_upper": 7417.424396795885,
    "bollinger_middle": 6853.25,
    "bollinger_lower": 6289.075603204115,
    "atr14": 282.22259140750083,
    "ath": 9395.0,
    "pct_below_ath": 30.601383714741885
  },
  "AAPL": {
    "rsi14": 53.0111707975807,
    "macd": {
      "histogram": 1.0709054489317409,
      "macd": 3.6851415502346185,
      "signal": 2.6142361013028776
    },
    "stochastic_k": 58.578623113756315,
    "stochastic_d": 78.3777877364562,
    "supertrend_value": 255.44162202354792,
    "supertrend_trend": "up",
    "sma20": 262.33899841308596,
    "sma50": 260.26299926757815,
    "sma200": null,
    "bollinger_upper": 277.10966887476525,
    "bollinger_middle": 262.33899841308596,
    "bollinger_lower": 247.56832795140664,
    "atr14": 5.906053129028481,
    "ath": 288.62,
    "pct_below_ath": 7.279467812348413
  },
  "MSFT": {
    "rsi14": 65.81797705074385,
    "macd": {
      "histogram": 4.368449601531056,
      "macd": 10.525442347151511,
      "signal": 6.156992745620455
    },
    "stochastic_k": 86.67666672161187,
    "stochastic_d": 82.13915730183605,
    "supertrend_value": 398.83311013853995,
    "supertrend_trend": "up",
    "sma20": 395.37450103759767,
    "sma50": 394.5165997314453,
    "sma200": null,
    "bollinger_upper": 445.0465289745384,
    "bollinger_middle": 395.37450103759767,
    "bollinger_lower": 345.70247310065696,
    "atr14": 10.532615289334226,
    "ath": 555.45,
    "pct_below_ath": 23.517868394995055
  }
}