{
  "GGAL": {
    "rsi14": 72.16710240079532,
    "macd": {
      "histogram": 99.32133520493582,
      "macd": 108.17789591426026,
      "signal": 8.856560709324437
    },
    "stochastic_k": 92.3076923076923,
    "stochastic_d": 91.8923013139431,
    "supertrend_value": 6360.7836741936735,
    "supertrend_trend": "up",
    "sma20": 6666.5,
    "sma50": 6866.5,
    "sma200": null,
    "bollinger_upper": 7410.530241320876,
    "bollinger_middle": 6666.5,
    "bollinger_lower": 5922.469758679124,
    "atr14": 287.1530562514777,
    "ath": 9395.0,
    "pct_below_ath": 23.523150612027674
  },
  "AAPL": {
    "rsi14": 72.34399952107186,
    "macd": {
      "histogram": 1.479914552695182,
      "macd": 1.133822904374938,
      "signal": -0.3460916483202441
    },
    "stochastic_k": 99.38239969612906,
    "stochastic_d": 87.1042789497501,
    "supertrend_value": 244.4191674408459,
    "supertrend_trend": "up",
    "sma20": 254.64949951171874,
    "sma50": 260.81119934082034,
    "sma200": null,
    "bollinger_upper": 264.7409025943429,
    "bollinger_middle": 254.64949951171874,
    "bollinger_lower": 244.55809642909458,
    "atr14": 5.9214911524703195,
    "ath": 288.62,
    "pct_below_ath": 7.688309888434619
  },
  "MSFT": {
    "rsi14": 82.50892057774135,
    "macd": {
      "histogram": 5.318167928873882,
      "macd": -2.1985859900423748,
      "signal": -7.516753918916256
    },
    "stochastic_k": 94.57753915176859,
    "stochastic_d": 96.09012424052186,
    "supertrend_value": 375.0054378839605,
    "supertrend_trend": "up",
    "sma20": 376.8149978637695,
    "sma50": 391.91459899902344,
    "sma200": null,
    "bollinger_upper": 401.44768174907523,
    "bollinger_middle": 376.8149978637695,
    "bollinger_lower": 352.1823139784638,
    "atr14": 9.895149657569968,
    "ath": 555.45,
    "pct_below_ath": 25.966333603384644
  }
}