{
  "GGAL": {
    "rsi14": 22.154908075644798,
    "macd": {
      "histogram": -81.34579789277237,
      "macd": -98.90871914843956,
      "signal": -17.56292125566719
    },
    "stochastic_k": 6.756756756756757,
    "stochastic_d": 12.427690848743444,
    "supertrend_value": 7126.555987238051,
    "supertrend_trend": "down",
    "sma20": 6831.5,
    "sma50": 6638.3,
    "sma200": null,
    "bollinger_upper": 7426.597471007902,
    "bollinger_middle": 6831.5,
    "bollinger_lower": 6236.402528992098,
    "atr14": 282.6755147906908,
    "ath": 9395.0,
    "pct_below_ath": 33.79457158062799
  },
  "AAPL": {
    "rsi14": 72.71489387078755,
    "macd": {
      "histogram": 0.9818463518350349,
      "macd": 4.196948921399212,
      "signal": 3.215102569564177
    },
    "stochastic_k": 76.44910261818958,
    "stochastic_d": 74.36725743820723,
    "supertrend_value": 262.15042675460063,
    "supertrend_trend": "up",
    "sma20": 266.35899963378904,
    "sma50": 261.2185998535156,
    "sma200": null,
    "bollinger_upper": 279.7085761642087,
    "bollinger_middle": 266.35899963378904,
    "bollinger_lower": 253.00942310336941,
    "atr14": 6.61736064422599,
    "ath": 288.62,
    "pct_below_ath": 2.93811932645001
  },
  "MSFT": {
    "rsi14": 50.82733029713149,
    "macd": {
      "histogram": 0.24738414742365222,
      "macd": 8.954282358308319,
      "signal": 8.706898210884667
    },
    "stochastic_k": 59.1776170039359,
    "stochastic_d": 67.77078283855276,
    "supertrend_value": 398.90361672871285,
    "supertrend_trend": "up",
    "sma20": 405.5730010986328,
    "sma50": 396.11039978027344,
    "sma200": null,
    "bollinger_upper": 449.50364157996285,
    "bollinger_middle": 405.5730010986328,
    "bollinger_lower": 361.64236061730276,
    "atr14": 11.19386033461949,
    "ath": 555.45,
    "pct_below_ath": 25.386623458457112
  }
}