{
  "GGAL": {
    "rsi14": 58.9266000365365,
    "macd": {
      "histogram": 52.14230011211074,
      "macd": 106.1801254536249,
      "signal": 54.03782534151416
    },
    "stochastic_k": 80.76923076923077,
    "stochastic_d": 81.57051282051277,
    "supertrend_value": 6360.422358496423,
    "supertrend_trend": "up",
    "sma20": 6811.5,
    "sma50": 6796.4,
    "sma200": null,
    "bollinger_upper": 7418.979217751521,
    "bollinger_middle": 6811.5,
    "bollinger_lower": 6204.020782248479,
    "atr14": 282.4756951452302,
    "ath": 9395.0,
    "pct_below_ath": 24.906865353911655
  },
  "AAPL": {
    "rsi14": 75.44990477149105,
    "macd": {
      "histogram": 2.0524370450510374,
      "macd": 2.99274374003204,
      "signal": 0.9403066949810025
    },
    "stochastic_k": 95.71301405303917,
    "stochastic_d": 90.2063638893974,
    "supertrend_value": 254.28088665822114,
    "supertrend_trend": "up",
    "sma20": 257.6389984130859,
    "sma50": 260.5071990966797,
    "sma200": null,
    "bollinger_upper": 270.9764862912148,
    "bollinger_middle": 257.6389984130859,
    "bollinger_lower": 244.30151053495703,
    "atr14": 5.978609218712928,
    "ath": 288.62,
    "pct_below_ath": 5.394636546323884
  },
  "MSFT": {
    "rsi14": 77.54385542285108,
    "macd": {
      "histogram": 7.309134177067927,
      "macd": 5.304689707522471,
      "signal": -2.0044444695454557
    },
    "stochastic_k": 80.28027537545623,
    "stochastic_d": 89.24644027639891,
    "supertrend_value": 395.38724916857944,
    "supertrend_trend": "up",
    "sma20": 381.73699951171875,
    "sma50": 392.7555993652344,
    "sma200": null,
    "bollinger_upper": 421.36957271428264,
    "bollinger_middle": 381.73699951171875,
    "bollinger_lower": 342.10442630915486,
    "atr14": 9.791606745306499,
    "ath": 555.45,
    "pct_below_ath": 24.733099288864892
  }
}