{
  "GGAL": {
    "rsi14": 55.608409589164935,
    "macd": {
      "histogram": 65.49061806811969,
      "macd": 108.736674877312,
      "signal": 43.24605680919231
    },
    "stochastic_k": 75.96153846153845,
    "stochastic_d": 85.41666666666663,
    "supertrend_value": 6360.582486080026,
    "supertrend_trend": "up",
    "sma20": 6766.75,
    "sma50": 6816.8,
    "sma200": null,
    "bollinger_upper": 7425.576798179916,
    "bollinger_middle": 6766.75,
    "bollinger_lower": 6107.923201820084,
    "atr14": 282.73998563082347,
    "ath": 9395.0,
    "pct_below_ath": 25.439063331559343
  },
  "AAPL": {
    "rsi14": 72.32344907591298,
    "macd": {
      "histogram": 1.753089040669838,
      "macd": 2.2126559304798548,
      "signal": 0.4595668898100167
    },
    "stochastic_k": 92.27332092049424,
    "stochastic_d": 91.42949243709403,
    "supertrend_value": 250.85065319905482,
    "supertrend_trend": "up",
    "sma20": 256.3859992980957,
    "sma50": 260.5643994140625,
    "sma200": null,
    "bollinger_upper": 268.33294241802434,
    "bollinger_middle": 256.3859992980957,
    "bollinger_lower": 244.43905617816708,
    "atr14": 6.137173095712571,
    "ath": 288.62,
    "pct_below_ath": 6.371699812902774
  },
  "MSFT": {
    "rsi14": 86.2242395442689,
    "macd": {
      "histogram": 7.507050679127291,
      "macd": 3.615449546769355,
      "signal": -3.8916011323579354
    },
    "stochastic_k": 88.3267205148677,
    "stochastic_d": 94.0121451821952,
    "supertrend_value": 395.3972667486769,
    "supertrend_trend": "up",
    "sma20": 379.9269989013672,
    "sma50": 392.26759948730466,
    "sma200": null,
    "bollinger_upper": 415.89396285503256,
    "bollinger_middle": 379.9269989013672,
    "bollinger_lower": 343.96003494770184,
    "atr14": 9.989825557298786,
    "ath": 555.45,
    "pct_below_ath": 23.8833378341885
  }
}