{
  "GGAL": {
    "rsi14": 56.729536231885994,
    "macd": {
      "histogram": 104.98031010380615,
      "macd": -38.276279994992365,
      "signal": -143.2565900987985
    },
    "stochastic_k": 74.28571428571429,
    "stochastic_d": 83.96825396825393,
    "supertrend_value": 7062.477838909075,
    "supertrend_trend": "down",
    "sma20": 6427.25,
    "sma50": 7002.3,
    "sma200": null,
    "bollinger_upper": 6959.147311517928,
    "bollinger_middle": 6427.25,
    "bollinger_lower": 5895.352688482072,
    "atr14": 322.41387140045373,
    "ath": 9395.0,
    "pct_below_ath": 28.36615220862161
  },
  "AAPL": {
    "rsi14": 48.57026709654116,
    "macd": {
      "histogram": 0.8648805992153621,
      "macd": -1.411422320525702,
      "signal": -2.276302919741064
    },
    "stochastic_k": 47.98799459298472,
    "stochastic_d": 72.92286214969431,
    "supertrend_value": 263.4486795599457,
    "supertrend_trend": "down",
    "sma20": 253.1614990234375,
    "sma50": 260.6823999023438,
    "sma200": null,
    "bollinger_upper": 260.9484805579978,
    "bollinger_middle": 253.1614990234375,
    "bollinger_lower": 245.3745174888772,
    "atr14": 6.190479087913187,
    "ath": 288.62,
    "pct_below_ath": 12.168248908599544
  },
  "MSFT": {
    "rsi14": 43.591682171919075,
    "macd": {
      "histogram": 0.9359819088735843,
      "macd": -10.613223551860017,
      "signal": -11.549205460733601
    },
    "stochastic_k": 38.374902438114496,
    "stochastic_d": 36.191469423820884,
    "supertrend_value": 384.7765533855457,
    "supertrend_trend": "down",
    "sma20": 381.8369995117188,
    "sma50": 400.16819946289064,
    "sma200": null,
    "bollinger_upper": 412.2246817888198,
    "bollinger_middle": 381.8369995117188,
    "bollinger_lower": 351.44931723461775,
    "atr14": 8.446680852877106,
    "ath": 555.45,
    "pct_below_ath": 32.97506526239985
  }
}