{
  "GGAL": {
    "rsi14": 67.41135276785126,
    "macd": {
      "histogram": 86.25645791850415,
      "macd": 114.94886372239762,
      "signal": 28.692405803893465
    },
    "stochastic_k": 87.98076923076923,
    "stochastic_d": 90.70512820512818,
    "supertrend_value": 6360.739008141876,
    "supertrend_trend": "up",
    "sma20": 6721.5,
    "sma50": 6842.9,
    "sma200": null,
    "bollinger_upper": 7431.0216698593495,
    "bollinger_middle": 6721.5,
    "bollinger_lower": 6011.9783301406505,
    "atr14": 284.6030488952525,
    "ath": 9395.0,
    "pct_below_ath": 24.05534858967536
  },
  "AAPL": {
    "rsi14": 62.23642255671117,
    "macd": {
      "histogram": 1.4246649814947545,
      "macd": 1.4459596111373116,
      "signal": 0.021294629642557128
    },
    "stochastic_k": 82.63275669465875,
    "stochastic_d": 87.29039531410929,
    "supertrend_value": 246.44905951696197,
    "supertrend_trend": "up",
    "sma20": 255.32249908447267,
    "sma50": 260.6895989990234,
    "sma200": null,
    "bollinger_upper": 265.8535512798024,
    "bollinger_middle": 255.32249908447267,
    "bollinger_lower": 244.79144688914295,
    "atr14": 5.924648418730125,
    "ath": 288.62,
    "pct_below_ath": 8.73813318550344
  },
  "MSFT": {
    "rsi14": 85.4686256748944,
    "macd": {
      "histogram": 6.74133458167759,
      "macd": 0.9729707795378317,
      "signal": -5.768363802139758
    },
    "stochastic_k": 99.13232493887273,
    "stochastic_d": 96.53205294149268,
    "supertrend_value": 386.10030574614274,
    "supertrend_trend": "up",
    "sma20": 378.2384979248047,
    "sma50": 392.09559936523436,
    "sma200": null,
    "bollinger_upper": 408.75582625722313,
    "bollinger_middle": 378.2384979248047,
    "bollinger_lower": 347.7211695923862,
    "atr14": 9.887506230426338,
    "ath": 555.45,
    "pct_below_ath": 24.338824376631568
  }
}