{
  "GGAL": {
    "rsi14": 33.06037315254133,
    "macd": {
      "histogram": -60.107724703261745,
      "macd": -49.151117239288396,
      "signal": 10.956607463973349
    },
    "stochastic_k": 22.63157894736842,
    "stochastic_d": 20.701754385964875,
    "supertrend_value": 6359.851121302477,
    "supertrend_trend": "up",
    "sma20": 6864.75,
    "sma50": 6676.7,
    "sma200": null,
    "bollinger_upper": 7390.606206581228,
    "bollinger_middle": 6864.75,
    "bollinger_lower": 6338.893793418772,
    "atr14": 280.24751252839036,
    "ath": 9395.0,
    "pct_below_ath": 30.601383714741885
  },
  "AAPL": {
    "rsi14": 58.62967264369956,
    "macd": {
      "histogram": 0.8939191944637566,
      "macd": 3.660012300765004,
      "signal": 2.7660931063012475
    },
    "stochastic_k": 74.31470933141657,
    "stochastic_d": 72.4099682611237,
    "supertrend_value": 255.43800921423056,
    "supertrend_trend": "up",
    "sma20": 263.5429977416992,
    "sma50": 260.56159912109376,
    "sma200": null,
    "bollinger_upper": 276.84842737434724,
    "bollinger_middle": 263.5429977416992,
    "bollinger_lower": 250.23756810905113,
    "atr14": 5.891193465729862,
    "ath": 288.62,
    "pct_below_ath": 6.205391171782976
  },
  "MSFT": {
    "rsi14": 68.86322669639952,
    "macd": {
      "histogram": 3.8421994115114844,
      "macd": 11.24283236021364,
      "signal": 7.400632948702156
    },
    "stochastic_k": 93.32331496326896,
    "stochastic_d": 88.82532647921771,
    "supertrend_value": 398.88648033936,
    "supertrend_trend": "up",
    "sma20": 398.8890014648438,
    "sma50": 395.07519958496096,
    "sma200": null,
    "bollinger_upper": 447.6968911008333,
    "bollinger_middle": 398.8890014648438,
    "bollinger_lower": 350.08111182885426,
    "atr14": 10.293143919702581,
    "ath": 555.45,
    "pct_below_ath": 22.720316860203447
  }
}