{
  "GGAL": {
    "rsi14": 22.15315846611304,
    "macd": {
      "histogram": -80.16168571906928,
      "macd": -101.51250127964704,
      "signal": -21.35081556057775
    },
    "stochastic_k": 6.756756756756757,
    "stochastic_d": 12.427690848743444,
    "supertrend_value": 7126.180620610451,
    "supertrend_trend": "down",
    "sma20": 6831.5,
    "sma50": 6638.3,
    "sma200": null,
    "bollinger_upper": 7426.597471007902,
    "bollinger_middle": 6831.5,
    "bollinger_lower": 6236.402528992098,
    "atr14": 282.10669131134847,
    "ath": 9395.0,
    "pct_below_ath": 33.79457158062799
  },
  "AAPL": {
    "rsi14": 59.618730918078725,
    "macd": {
      "histogram": 0.5609653372688017,
      "macd": 3.53060631887422,
      "signal": 2.9696409816054183
    },
    "stochastic_k": 76.19296354510445,
    "stochastic_d": 73.7345829551695,
    "supertrend_value": 255.4395718727912,
    "supertrend_trend": "up",
    "sma20": 265.14799880981445,
    "sma50": 260.8273992919922,
    "sma200": null,
    "bollinger_upper": 277.64425332501185,
    "bollinger_middle": 265.14799880981445,
    "bollinger_lower": 252.65174429461706,
    "atr14": 5.902103972992859,
    "ath": 288.62,
    "pct_below_ath": 5.983646316956545
  },
  "MSFT": {
    "rsi14": 44.37474067881346,
    "macd": {
      "histogram": 1.1010748267832557,
      "macd": 9.74612700081201,
      "signal": 8.645052174028754
    },
    "stochastic_k": 58.64709024153568,
    "stochastic_d": 79.15268215833045,
    "supertrend_value": 398.90361672871285,
    "supertrend_trend": "up",
    "sma20": 403.5240005493164,
    "sma50": 395.7907995605469,
    "sma200": null,
    "bollinger_upper": 449.38936760558664,
    "bollinger_middle": 403.5240005493164,
    "bollinger_lower": 357.6586334930461,
    "atr14": 11.337235239415941,
    "ath": 555.45,
    "pct_below_ath": 26.585651273742023
  }
}