{
  "GGAL": {
    "rsi14": 66.31333854223683,
    "macd": {
      "histogram": 112.11992623896023,
      "macd": -6.086098582252816,
      "signal": -118.20602482121305
    },
    "stochastic_k": 92.01877934272301,
    "stochastic_d": 84.48245025709812,
    "supertrend_value": 7061.582335027164,
    "supertrend_trend": "down",
    "sma20": 6469.0,
    "sma50": 6979.8,
    "sma200": null,
    "bollinger_upper": 7040.074425972657,
    "bollinger_middle": 6469.0,
    "bollinger_lower": 5897.925574027343,
    "atr14": 324.7864039846253,
    "ath": 9395.0,
    "pct_below_ath": 25.492283129324107
  },
  "AAPL": {
    "rsi14": 60.204071342923235,
    "macd": {
      "histogram": 1.0945458810355722,
      "macd": -0.9114524726973343,
      "signal": -2.0059983537329065
    },
    "stochastic_k": 80.42037253419483,
    "stochastic_d": 69.52948274413673,
    "supertrend_value": 263.4558285400322,
    "supertrend_trend": "down",
    "sma20": 253.06499938964845,
    "sma50": 260.75219970703125,
    "sma200": null,
    "bollinger_upper": 260.5097799187537,
    "bollinger_middle": 253.06499938964845,
    "bollinger_lower": 245.62021886054325,
    "atr14": 6.198530221910109,
    "ath": 288.62,
    "pct_below_ath": 10.297276696001672
  },
  "MSFT": {
    "rsi14": 47.9180601212382,
    "macd": {
      "histogram": 1.4022624355448556,
      "macd": -9.816366999697038,
      "signal": -11.218629435241894
    },
    "stochastic_k": 49.84808630888921,
    "stochastic_d": 40.9066985127479,
    "supertrend_value": 384.7843124869144,
    "supertrend_trend": "down",
    "sma20": 380.26549835205077,
    "sma50": 398.24919921875,
    "sma200": null,
    "bollinger_upper": 408.73200033820723,
    "bollinger_middle": 380.26549835205077,
    "bollinger_lower": 351.7989963658943,
    "atr14": 8.822656458876613,
    "ath": 555.45,
    "pct_below_ath": 32.60779548114143
  }
}