{
  "GGAL": {
    "rsi14": 27.255373263356006,
    "macd": {
      "histogram": -68.08803451419858,
      "macd": -72.25320251143694,
      "signal": -4.16516799723836
    },
    "stochastic_k": 7.894736842105263,
    "stochastic_d": 17.719298245614,
    "supertrend_value": 6359.582848277089,
    "supertrend_trend": "up",
    "sma20": 6865.0,
    "sma50": 6652.9,
    "sma200": null,
    "bollinger_upper": 7389.928566568824,
    "bollinger_middle": 6865.0,
    "bollinger_lower": 6340.071433431176,
    "atr14": 279.7247996181471,
    "ath": 9395.0,
    "pct_below_ath": 31.985098456625867
  },
  "AAPL": {
    "rsi14": 57.247675301970254,
    "macd": {
      "histogram": 0.6790074670080566,
      "macd": 3.5579207184035795,
      "signal": 2.878913251395523
    },
    "stochastic_k": 70.69607598898747,
    "stochastic_d": 67.86313614472012,
    "supertrend_value": 255.43528342254496,
    "supertrend_trend": "up",
    "sma20": 264.3619987487793,
    "sma50": 260.68739929199216,
    "sma200": null,
    "bollinger_upper": 277.17256685911366,
    "bollinger_middle": 264.3619987487793,
    "bollinger_lower": 251.5514306384449,
    "atr14": 5.761247901092452,
    "ath": 288.62,
    "pct_below_ath": 6.392488393042751
  },
  "MSFT": {
    "rsi14": 62.036053393193264,
    "macd": {
      "histogram": 2.9569670540601454,
      "macd": 11.221171767336216,
      "signal": 8.26420471327607
    },
    "stochastic_k": 85.4876412701866,
    "stochastic_d": 88.49587431835585,
    "supertrend_value": 398.9024125350313,
    "supertrend_trend": "up",
    "sma20": 401.60350036621094,
    "sma50": 395.62719970703125,
    "sma200": null,
    "bollinger_upper": 449.7548775491938,
    "bollinger_middle": 401.60350036621094,
    "bollinger_lower": 353.4521231832281,
    "atr14": 10.179327901719345,
    "ath": 555.45,
    "pct_below_ath": 23.582680709334785
  }
}