{
  "GGAL": {
    "rsi14": 70.72214414119152,
    "macd": {
      "histogram": 112.24128274286207,
      "macd": 72.9526401220719,
      "signal": -39.288642620790164
    },
    "stochastic_k": 91.54228855721394,
    "stochastic_d": 89.26453745497297,
    "supertrend_value": 6212.644505288365,
    "supertrend_trend": "up",
    "sma20": 6567.5,
    "sma50": 6917.0,
    "sma200": null,
    "bollinger_upper": 7282.150264115253,
    "bollinger_middle": 6567.5,
    "bollinger_lower": 5852.849735884747,
    "atr14": 310.2947050027543,
    "ath": 9395.0,
    "pct_below_ath": 24.05534858967536
  },
  "AAPL": {
    "rsi14": 58.51515444361224,
    "macd": {
      "histogram": 1.2838962165807792,
      "macd": 0.258732255143741,
      "signal": -1.0251639614370383
    },
    "stochastic_k": 82.07440760158117,
    "stochastic_d": 87.26418666126689,
    "supertrend_value": 263.4851124470716,
    "supertrend_trend": "down",
    "sma20": 253.7390007019043,
    "sma50": 260.89580017089844,
    "sma200": null,
    "bollinger_upper": 261.98361655788614,
    "bollinger_middle": 253.7390007019043,
    "bollinger_lower": 245.49438484592247,
    "atr14": 5.768933118383793,
    "ath": 288.62,
    "pct_below_ath": 10.193333795301786
  },
  "MSFT": {
    "rsi14": 64.7561802374226,
    "macd": {
      "histogram": 2.517631182063141,
      "macd": -7.169676527859224,
      "signal": -9.687307709922365
    },
    "stochastic_k": 97.8063897770368,
    "stochastic_d": 66.42044258177769,
    "supertrend_value": 384.80962939854703,
    "supertrend_trend": "down",
    "sma20": 376.5664993286133,
    "sma50": 392.9011993408203,
    "sma200": null,
    "bollinger_upper": 399.4974515504417,
    "bollinger_middle": 376.5664993286133,
    "bollinger_lower": 353.6355471067849,
    "atr14": 8.894987836824713,
    "ath": 555.45,
    "pct_below_ath": 30.800252047889103
  }
}