{
  "GGAL": {
    "rsi14": 68.67158073887018,
    "macd": {
      "histogram": 115.1465848284976,
      "macd": 49.052788337212405,
      "signal": -66.09379649128519
    },
    "stochastic_k": 87.96680497925311,
    "stochastic_d": 89.42336771680931,
    "supertrend_value": 6212.790528919239,
    "supertrend_trend": "up",
    "sma20": 6539.5,
    "sma50": 6938.2,
    "sma200": null,
    "bollinger_upper": 7205.224417458156,
    "bollinger_middle": 6539.5,
    "bollinger_lower": 5873.775582541844,
    "atr14": 314.70831929859565,
    "ath": 9395.0,
    "pct_below_ath": 24.58754656732304
  },
  "AAPL": {
    "rsi14": 62.99793089426737,
    "macd": {
      "histogram": 1.3757326710589046,
      "macd": 0.037450636101084456,
      "signal": -1.3382820349578202
    },
    "stochastic_k": 89.74825754408627,
    "stochastic_d": 86.71284163880478,
    "supertrend_value": 263.4622062891395,
    "supertrend_trend": "down",
    "sma20": 253.2849998474121,
    "sma50": 260.87739990234377,
    "sma200": null,
    "bollinger_upper": 261.2727488708745,
    "bollinger_middle": 253.2849998474121,
    "bollinger_lower": 245.29725082394967,
    "atr14": 5.908771659293673,
    "ath": 288.62,
    "pct_below_ath": 9.749844085648945
  },
  "MSFT": {
    "rsi14": 41.13853686934443,
    "macd": {
      "histogram": 1.6534978539874512,
      "macd": -8.723443790735075,
      "signal": -10.376941644722526
    },
    "stochastic_k": 47.1710306912386,
    "stochastic_d": 50.4343414257285,
    "supertrend_value": 384.7947343286388,
    "supertrend_trend": "down",
    "sma20": 377.12549896240233,
    "sma50": 393.88379943847656,
    "sma200": null,
    "bollinger_upper": 401.30140235789924,
    "bollinger_middle": 377.12549896240233,
    "bollinger_lower": 352.94959556690543,
    "atr14": 8.504387732863432,
    "ath": 555.45,
    "pct_below_ath": 33.23071383562877
  }
}