{
  "GGAL": {
    "rsi14": 55.981708277245474,
    "macd": {
      "histogram": 39.258120054058416,
      "macd": 99.47358822162278,
      "signal": 60.21546816756436
    },
    "stochastic_k": 73.71428571428571,
    "stochastic_d": 76.81501831501828,
    "supertrend_value": 6360.45535019871,
    "supertrend_trend": "up",
    "sma20": 6842.75,
    "sma50": 6780.8,
    "sma200": null,
    "bollinger_upper": 7426.166446459988,
    "bollinger_middle": 6842.75,
    "bollinger_lower": 6259.333553540012,
    "atr14": 273.0696773553617,
    "ath": 9395.0,
    "pct_below_ath": 25.38584353379457
  },
  "AAPL": {
    "rsi14": 57.25734472484978,
    "macd": {
      "histogram": 1.6983332129046207,
      "macd": 2.995944113089763,
      "signal": 1.2976109001851424
    },
    "stochastic_k": 71.62356601828385,
    "stochastic_d": 86.53104662885306,
    "supertrend_value": 254.28250268818536,
    "supertrend_trend": "up",
    "sma20": 258.3729988098145,
    "sma50": 260.2681994628906,
    "sma200": null,
    "bollinger_upper": 271.89066048703137,
    "bollinger_middle": 258.3729988098145,
    "bollinger_lower": 244.85533713259758,
    "atr14": 6.097641913445516,
    "ath": 288.62,
    "pct_below_ath": 7.778393735707848
  },
  "MSFT": {
    "rsi14": 80.46562870978156,
    "macd": {
      "histogram": 7.2198788536286145,
      "macd": 7.023323378853775,
      "signal": -0.19655547477484037
    },
    "stochastic_k": 88.99601999686814,
    "stochastic_d": 85.86767196239738,
    "supertrend_value": 395.38339162257046,
    "supertrend_trend": "up",
    "sma20": 383.79499969482424,
    "sma50": 393.2159991455078,
    "sma200": null,
    "bollinger_upper": 427.5376861900998,
    "bollinger_middle": 383.79499969482424,
    "bollinger_lower": 340.0523131995487,
    "atr14": 9.80537985003164,
    "ath": 555.45,
    "pct_below_ath": 23.636690971284548
  }
}