{
  "GGAL": {
    "rsi14": 71.98214491323967,
    "macd": {
      "histogram": 107.03928295490466,
      "macd": 93.91873420246247,
      "signal": -13.120548752442193
    },
    "stochastic_k": 91.82692307692307,
    "stochastic_d": 90.44533887113003,
    "supertrend_value": 6320.412922073165,
    "supertrend_trend": "up",
    "sma20": 6611.25,
    "sma50": 6892.2,
    "sma200": null,
    "bollinger_upper": 7360.128327901135,
    "bollinger_middle": 6611.25,
    "bollinger_lower": 5862.371672098865,
    "atr14": 298.7775824844704,
    "ath": 9395.0,
    "pct_below_ath": 23.576370409792442
  },
  "AAPL": {
    "rsi14": 57.16964535859235,
    "macd": {
      "histogram": 1.141819303832923,
      "macd": 0.4068792317052612,
      "signal": -0.7349400721276618
    },
    "stochastic_k": 79.85602955154005,
    "stochastic_d": 83.8928982324025,
    "supertrend_value": 263.49108240190805,
    "supertrend_trend": "down",
    "sma20": 254.03949966430665,
    "sma50": 260.8827996826172,
    "sma200": null,
    "bollinger_upper": 262.56165958817,
    "bollinger_middle": 254.03949966430665,
    "bollinger_lower": 245.51733974044328,
    "atr14": 5.698254335655257,
    "ath": 288.62,
    "pct_below_ath": 10.32153003949831
  },
  "MSFT": {
    "rsi14": 72.89614594536437,
    "macd": {
      "histogram": 3.598311656824082,
      "macd": -5.233711666214674,
      "signal": -8.832023323038756
    },
    "stochastic_k": 95.88644379276016,
    "stochastic_d": 80.28795475367853,
    "supertrend_value": 363.76541274543655,
    "supertrend_trend": "up",
    "sma20": 376.22449798583983,
    "sma50": 392.1575988769531,
    "sma200": null,
    "bollinger_upper": 397.92104981273997,
    "bollinger_middle": 376.22449798583983,
    "bollinger_lower": 354.5279461589397,
    "atr14": 9.005398040899475,
    "ath": 555.45,
    "pct_below_ath": 29.22675308308579
  }
}