{
  "GGAL": {
    "rsi14": 39.79519319351578,
    "macd": {
      "histogram": 14.799204155054845,
      "macd": 76.4657783208122,
      "signal": 61.66657416575736
    },
    "stochastic_k": 25.833333333333336,
    "stochastic_d": 60.105616605616575,
    "supertrend_value": 6360.913568286035,
    "supertrend_trend": "up",
    "sma20": 6867.75,
    "sma50": 6761.4,
    "sma200": null,
    "bollinger_upper": 7398.15055618372,
    "bollinger_middle": 6867.75,
    "bollinger_lower": 6337.34944381628,
    "atr14": 275.6866963001192,
    "ath": 9395.0,
    "pct_below_ath": 27.51463544438531
  },
  "AAPL": {
    "rsi14": 66.70528760700856,
    "macd": {
      "histogram": 1.8283620865139811,
      "macd": 3.516293941585957,
      "signal": 1.6879318550719757
    },
    "stochastic_k": 96.1162166534349,
    "stochastic_d": 87.81201187316663,
    "supertrend_value": 254.2765547207483,
    "supertrend_trend": "up",
    "sma20": 259.4494995117187,
    "sma50": 260.23919982910155,
    "sma200": null,
    "bollinger_upper": 274.0376945425376,
    "bollinger_middle": 259.4494995117187,
    "bollinger_lower": 244.86130448089983,
    "atr14": 6.209686721557184,
    "ath": 288.62,
    "pct_below_ath": 5.353059386043929
  },
  "MSFT": {
    "rsi14": 83.92534155364416,
    "macd": {
      "histogram": 7.328394177670072,
      "macd": 9.027261079165669,
      "signal": 1.6988669014955966
    },
    "stochastic_k": 98.96387824767933,
    "stochastic_d": 89.41339120666794,
    "supertrend_value": 398.83250172937625,
    "supertrend_trend": "up",
    "sma20": 386.8040008544922,
    "sma50": 393.6023992919922,
    "sma200": null,
    "bollinger_upper": 435.1301533800773,
    "bollinger_middle": 386.8040008544922,
    "bollinger_lower": 338.4778483289071,
    "atr14": 9.835613229213957,
    "ath": 555.45,
    "pct_below_ath": 22.05959132235125
  }
}