{
  "GGAL": {
    "rsi14": 68.51256294719215,
    "macd": {
      "histogram": 116.79980009870167,
      "macd": 25.05668596039959,
      "signal": -91.74311413830208
    },
    "stochastic_k": 88.28451882845188,
    "stochastic_d": 84.86300415229637,
    "supertrend_value": 6072.193050697621,
    "supertrend_trend": "up",
    "sma20": 6509.5,
    "sma50": 6959.2,
    "sma200": null,
    "bollinger_upper": 7128.4256821299305,
    "bollinger_middle": 6509.5,
    "bollinger_lower": 5890.5743178700695,
    "atr14": 325.56258604537965,
    "ath": 9395.0,
    "pct_below_ath": 24.693986162852582
  },
  "AAPL": {
    "rsi14": 63.03050207458306,
    "macd": {
      "histogram": 1.30054127517434,
      "macd": -0.3816739275482064,
      "signal": -1.6822152027225463
    },
    "stochastic_k": 89.96989483813323,
    "stochastic_d": 72.7927539884376,
    "supertrend_value": 263.4622062891395,
    "supertrend_trend": "down",
    "sma20": 253.0489990234375,
    "sma50": 260.7965997314453,
    "sma200": null,
    "bollinger_upper": 260.4282152122466,
    "bollinger_middle": 253.0489990234375,
    "bollinger_lower": 245.6697828346284,
    "atr14": 6.1196848150265994,
    "ath": 288.62,
    "pct_below_ath": 9.746379322292285
  },
  "MSFT": {
    "rsi14": 45.43629107714401,
    "macd": {
      "histogram": 1.6331783301597689,
      "macd": -9.15713777805962,
      "signal": -10.79031610821939
    },
    "stochastic_k": 54.28390727705765,
    "stochastic_d": 47.50229867468713,
    "supertrend_value": 384.7947343286388,
    "supertrend_trend": "down",
    "sma20": 378.6749984741211,
    "sma50": 396.09899963378905,
    "sma200": null,
    "bollinger_upper": 404.9314873436712,
    "bollinger_middle": 378.6749984741211,
    "bollinger_lower": 352.41850960457094,
    "atr14": 8.72703172238057,
    "ath": 555.45,
    "pct_below_ath": 32.83463858133046
  }
}