{
  "GGAL": {
    "rsi14": 24.680377191773957,
    "macd": {
      "histogram": -27.175685867489058,
      "macd": 26.48517696937779,
      "signal": 53.66086283686685
    },
    "stochastic_k": 1.7543859649122806,
    "stochastic_d": 33.76733500417708,
    "supertrend_value": 6360.72882639051,
    "supertrend_trend": "up",
    "sma20": 6856.0,
    "sma50": 6739.6,
    "sma200": null,
    "bollinger_upper": 7414.825554175898,
    "bollinger_middle": 6856.0,
    "bollinger_lower": 6297.174445824102,
    "atr14": 287.6148941782188,
    "ath": 9395.0,
    "pct_below_ath": 31.71899946780202
  },
  "AAPL": {
    "rsi14": 67.0186993860695,
    "macd": {
      "histogram": 1.8240051360324534,
      "macd": 3.8924162225060286,
      "signal": 2.068411086473575
    },
    "stochastic_k": 92.21816775741412,
    "stochastic_d": 86.6526501430443,
    "supertrend_value": 255.44230386149644,
    "supertrend_trend": "up",
    "sma20": 260.48999938964846,
    "sma50": 260.23419982910156,
    "sma200": null,
    "bollinger_upper": 275.9252605160543,
    "bollinger_middle": 260.48999938964846,
    "bollinger_lower": 245.0547382632426,
    "atr14": 6.060417174106982,
    "ath": 288.62,
    "pct_below_ath": 5.262975538770701
  },
  "MSFT": {
    "rsi14": 59.84738789589467,
    "macd": {
      "histogram": 5.868838028914675,
      "macd": 9.187446176867581,
      "signal": 3.3186081479529057
    },
    "stochastic_k": 73.26480743112404,
    "stochastic_d": 87.04644471709719,
    "supertrend_value": 398.84798840087575,
    "supertrend_trend": "up",
    "sma20": 389.0395004272461,
    "sma50": 393.65199951171877,
    "sma200": null,
    "bollinger_upper": 438.3679979430445,
    "bollinger_middle": 389.0395004272461,
    "bollinger_lower": 339.7110029114477,
    "atr14": 10.665029342310195,
    "ath": 555.45,
    "pct_below_ath": 25.150778647943117
  }
}