{
  "GGAL": {
    "rsi14": 64.55447392209314,
    "macd": {
      "histogram": 116.26915739258797,
      "macd": -53.09776999294718,
      "signal": -169.36692738553515
    },
    "stochastic_k": 87.14285714285714,
    "stochastic_d": 91.51927437641719,
    "supertrend_value": 7062.2984002067,
    "supertrend_trend": "down",
    "sma20": 6405.25,
    "sma50": 7022.2,
    "sma200": null,
    "bollinger_upper": 6923.105916254705,
    "bollinger_middle": 6405.25,
    "bollinger_lower": 5887.394083745295,
    "atr14": 329.0716829038684,
    "ath": 9395.0,
    "pct_below_ath": 27.142096860031934
  },
  "AAPL": {
    "rsi14": 64.89913247387723,
    "macd": {
      "histogram": 1.0006697890163574,
      "macd": -1.461187137163705,
      "signal": -2.4618569261800625
    },
    "stochastic_k": 80.18008110523064,
    "stochastic_d": 86.28574279677434,
    "supertrend_value": 263.4474068062989,
    "supertrend_trend": "down",
    "sma20": 253.48049926757812,
    "sma50": 260.5731997680664,
    "sma200": null,
    "bollinger_upper": 261.80124348974965,
    "bollinger_middle": 253.48049926757812,
    "bollinger_lower": 245.1597550454066,
    "atr14": 5.6532879688653574,
    "ath": 288.62,
    "pct_below_ath": 10.31113574942831
  },
  "MSFT": {
    "rsi14": 44.46250687869384,
    "macd": {
      "histogram": 0.4975466242674642,
      "macd": -11.280110311178362,
      "signal": -11.777656935445826
    },
    "stochastic_k": 34.49710679123996,
    "stochastic_d": 32.39268997814286,
    "supertrend_value": 384.7836492215247,
    "supertrend_trend": "down",
    "sma20": 383.6929992675781,
    "sma50": 402.0413995361328,
    "sma200": null,
    "bollinger_upper": 415.99559046504584,
    "bollinger_middle": 383.6929992675781,
    "bollinger_lower": 351.39040807011037,
    "atr14": 8.614855873628795,
    "ath": 555.45,
    "pct_below_ath": 32.868845080565315
  }
}